{
  "delayModifier": {
    "desc:": "Modifies the delay between songs, lower = shorter delay (1.0 = vanilla). Default = 0.25",
    "delayModifier": 0.35
  },
  "pitchVariance": {
    "desc:": "Adds randomized pitch variance of up to the given value (e.g. 0.1), makes songs sound slightly different. default = 0",
    "pitchVariance": 0.0
  },
  "musicVariance": {
    "desc:": "Enables more varied music to be available for biomes, default = true",
    "musicVariance": true
  },
  "disableDefaultMusicInDimensions": {
    "desc:": "Disable default overworld music in nether/end, default = true",
    "disableDefaultMusicInDimensions": true
  },
  "displayMusicPlayed": {
    "desc:": "Shows currently played music in chat/log, default = false",
    "displayMusicPlayed": false
  },
  "logloadedmusic": {
    "desc:": "Prints the music files getting loaded into the latest.log, default = false",
    "logloadedmusic": false
  }
}